FILM_ID,CATEGORY_ID,LAST_UPDATE
1,6,2006-02-15 10:07:09.000 Z
2,11,2006-02-15 10:07:09.000 Z
3,6,2006-02-15 10:07:09.000 Z
4,11,2006-02-15 10:07:09.000 Z
5,8,2006-02-15 10:07:09.000 Z
6,9,2006-02-15 10:07:09.000 Z
7,5,2006-02-15 10:07:09.000 Z
8,11,2006-02-15 10:07:09.000 Z
9,11,2006-02-15 10:07:09.000 Z
10,15,2006-02-15 10:07:09.000 Z
11,9,2006-02-15 10:07:09.000 Z
12,12,2006-02-15 10:07:09.000 Z
13,11,2006-02-15 10:07:09.000 Z
14,4,2006-02-15 10:07:09.000 Z
15,9,2006-02-15 10:07:09.000 Z
16,9,2006-02-15 10:07:09.000 Z
17,12,2006-02-15 10:07:09.000 Z
18,2,2006-02-15 10:07:09.000 Z
19,1,2006-02-15 10:07:09.000 Z
20,12,2006-02-15 10:07:09.000 Z
21,1,2006-02-15 10:07:09.000 Z
22,13,2006-02-15 10:07:09.000 Z
23,2,2006-02-15 10:07:09.000 Z
24,11,2006-02-15 10:07:09.000 Z
25,13,2006-02-15 10:07:09.000 Z
26,14,2006-02-15 10:07:09.000 Z
27,15,2006-02-15 10:07:09.000 Z
28,5,2006-02-15 10:07:09.000 Z
29,1,2006-02-15 10:07:09.000 Z
30,11,2006-02-15 10:07:09.000 Z
31,8,2006-02-15 10:07:09.000 Z
32,13,2006-02-15 10:07:09.000 Z
33,7,2006-02-15 10:07:09.000 Z
34,11,2006-02-15 10:07:09.000 Z
35,11,2006-02-15 10:07:09.000 Z
36,2,2006-02-15 10:07:09.000 Z
37,4,2006-02-15 10:07:09.000 Z
38,1,2006-02-15 10:07:09.000 Z
39,14,2006-02-15 10:07:09.000 Z
40,6,2006-02-15 10:07:09.000 Z
41,16,2006-02-15 10:07:09.000 Z
42,15,2006-02-15 10:07:09.000 Z
43,8,2006-02-15 10:07:09.000 Z
44,14,2006-02-15 10:07:09.000 Z
45,13,2006-02-15 10:07:09.000 Z
46,10,2006-02-15 10:07:09.000 Z
47,9,2006-02-15 10:07:09.000 Z
48,3,2006-02-15 10:07:09.000 Z
49,14,2006-02-15 10:07:09.000 Z
50,8,2006-02-15 10:07:09.000 Z
51,12,2006-02-15 10:07:09.000 Z
52,9,2006-02-15 10:07:09.000 Z
53,8,2006-02-15 10:07:09.000 Z
54,12,2006-02-15 10:07:09.000 Z
55,14,2006-02-15 10:07:09.000 Z
56,1,2006-02-15 10:07:09.000 Z
57,16,2006-02-15 10:07:09.000 Z
58,6,2006-02-15 10:07:09.000 Z
59,3,2006-02-15 10:07:09.000 Z
60,4,2006-02-15 10:07:09.000 Z
61,7,2006-02-15 10:07:09.000 Z
62,6,2006-02-15 10:07:09.000 Z
63,8,2006-02-15 10:07:09.000 Z
64,7,2006-02-15 10:07:09.000 Z
65,11,2006-02-15 10:07:09.000 Z
66,3,2006-02-15 10:07:09.000 Z
67,1,2006-02-15 10:07:09.000 Z
68,3,2006-02-15 10:07:09.000 Z
69,14,2006-02-15 10:07:09.000 Z
70,2,2006-02-15 10:07:09.000 Z
71,8,2006-02-15 10:07:09.000 Z
72,6,2006-02-15 10:07:09.000 Z
73,14,2006-02-15 10:07:09.000 Z
74,12,2006-02-15 10:07:09.000 Z
75,16,2006-02-15 10:07:09.000 Z
76,12,2006-02-15 10:07:09.000 Z
77,13,2006-02-15 10:07:09.000 Z
78,2,2006-02-15 10:07:09.000 Z
79,7,2006-02-15 10:07:09.000 Z
80,8,2006-02-15 10:07:09.000 Z
81,14,2006-02-15 10:07:09.000 Z
82,8,2006-02-15 10:07:09.000 Z
83,8,2006-02-15 10:07:09.000 Z
84,16,2006-02-15 10:07:09.000 Z
85,6,2006-02-15 10:07:09.000 Z
86,12,2006-02-15 10:07:09.000 Z
87,16,2006-02-15 10:07:09.000 Z
88,16,2006-02-15 10:07:09.000 Z
89,2,2006-02-15 10:07:09.000 Z
90,13,2006-02-15 10:07:09.000 Z
91,4,2006-02-15 10:07:09.000 Z
92,11,2006-02-15 10:07:09.000 Z
93,13,2006-02-15 10:07:09.000 Z
94,8,2006-02-15 10:07:09.000 Z
95,13,2006-02-15 10:07:09.000 Z
96,13,2006-02-15 10:07:09.000 Z
97,1,2006-02-15 10:07:09.000 Z
98,7,2006-02-15 10:07:09.000 Z
99,5,2006-02-15 10:07:09.000 Z
100,9,2006-02-15 10:07:09.000 Z
101,6,2006-02-15 10:07:09.000 Z
102,15,2006-02-15 10:07:09.000 Z
103,16,2006-02-15 10:07:09.000 Z
104,9,2006-02-15 10:07:09.000 Z
105,1,2006-02-15 10:07:09.000 Z
106,10,2006-02-15 10:07:09.000 Z
107,7,2006-02-15 10:07:09.000 Z
108,13,2006-02-15 10:07:09.000 Z
109,13,2006-02-15 10:07:09.000 Z
110,3,2006-02-15 10:07:09.000 Z
111,1,2006-02-15 10:07:09.000 Z
112,9,2006-02-15 10:07:09.000 Z
113,15,2006-02-15 10:07:09.000 Z
114,14,2006-02-15 10:07:09.000 Z
115,1,2006-02-15 10:07:09.000 Z
116,4,2006-02-15 10:07:09.000 Z
117,10,2006-02-15 10:07:09.000 Z
118,2,2006-02-15 10:07:09.000 Z
119,5,2006-02-15 10:07:09.000 Z
120,15,2006-02-15 10:07:09.000 Z
121,2,2006-02-15 10:07:09.000 Z
122,11,2006-02-15 10:07:09.000 Z
123,16,2006-02-15 10:07:09.000 Z
124,3,2006-02-15 10:07:09.000 Z
125,16,2006-02-15 10:07:09.000 Z
126,1,2006-02-15 10:07:09.000 Z
127,5,2006-02-15 10:07:09.000 Z
128,9,2006-02-15 10:07:09.000 Z
129,6,2006-02-15 10:07:09.000 Z
130,1,2006-02-15 10:07:09.000 Z
131,4,2006-02-15 10:07:09.000 Z
132,14,2006-02-15 10:07:09.000 Z
133,12,2006-02-15 10:07:09.000 Z
134,2,2006-02-15 10:07:09.000 Z
135,15,2006-02-15 10:07:09.000 Z
136,13,2006-02-15 10:07:09.000 Z
137,14,2006-02-15 10:07:09.000 Z
138,14,2006-02-15 10:07:09.000 Z
139,8,2006-02-15 10:07:09.000 Z
140,14,2006-02-15 10:07:09.000 Z
141,10,2006-02-15 10:07:09.000 Z
142,6,2006-02-15 10:07:09.000 Z
143,7,2006-02-15 10:07:09.000 Z
144,13,2006-02-15 10:07:09.000 Z
145,8,2006-02-15 10:07:09.000 Z
146,7,2006-02-15 10:07:09.000 Z
147,8,2006-02-15 10:07:09.000 Z
148,9,2006-02-15 10:07:09.000 Z
149,3,2006-02-15 10:07:09.000 Z
150,6,2006-02-15 10:07:09.000 Z
151,14,2006-02-15 10:07:09.000 Z
152,3,2006-02-15 10:07:09.000 Z
153,14,2006-02-15 10:07:09.000 Z
154,2,2006-02-15 10:07:09.000 Z
155,13,2006-02-15 10:07:09.000 Z
156,6,2006-02-15 10:07:09.000 Z
157,3,2006-02-15 10:07:09.000 Z
158,12,2006-02-15 10:07:09.000 Z
159,5,2006-02-15 10:07:09.000 Z
160,2,2006-02-15 10:07:09.000 Z
161,12,2006-02-15 10:07:09.000 Z
162,1,2006-02-15 10:07:09.000 Z
163,13,2006-02-15 10:07:09.000 Z
164,6,2006-02-15 10:07:09.000 Z
165,14,2006-02-15 10:07:09.000 Z
166,4,2006-02-15 10:07:09.000 Z
167,16,2006-02-15 10:07:09.000 Z
168,3,2006-02-15 10:07:09.000 Z
169,16,2006-02-15 10:07:09.000 Z
170,9,2006-02-15 10:07:09.000 Z
171,11,2006-02-15 10:07:09.000 Z
172,7,2006-02-15 10:07:09.000 Z
173,7,2006-02-15 10:07:09.000 Z
174,12,2006-02-15 10:07:09.000 Z
175,8,2006-02-15 10:07:09.000 Z
176,15,2006-02-15 10:07:09.000 Z
177,14,2006-02-15 10:07:09.000 Z
178,5,2006-02-15 10:07:09.000 Z
179,7,2006-02-15 10:07:09.000 Z
180,4,2006-02-15 10:07:09.000 Z
181,16,2006-02-15 10:07:09.000 Z
182,5,2006-02-15 10:07:09.000 Z
183,8,2006-02-15 10:07:09.000 Z
184,4,2006-02-15 10:07:09.000 Z
185,9,2006-02-15 10:07:09.000 Z
186,7,2006-02-15 10:07:09.000 Z
187,15,2006-02-15 10:07:09.000 Z
188,5,2006-02-15 10:07:09.000 Z
189,10,2006-02-15 10:07:09.000 Z
190,4,2006-02-15 10:07:09.000 Z
191,3,2006-02-15 10:07:09.000 Z
192,9,2006-02-15 10:07:09.000 Z
193,2,2006-02-15 10:07:09.000 Z
194,1,2006-02-15 10:07:09.000 Z
195,14,2006-02-15 10:07:09.000 Z
196,4,2006-02-15 10:07:09.000 Z
197,15,2006-02-15 10:07:09.000 Z
198,9,2006-02-15 10:07:09.000 Z
199,6,2006-02-15 10:07:09.000 Z
200,10,2006-02-15 10:07:09.000 Z
201,9,2006-02-15 10:07:09.000 Z
202,5,2006-02-15 10:07:09.000 Z
203,14,2006-02-15 10:07:09.000 Z
204,7,2006-02-15 10:07:09.000 Z
205,1,2006-02-15 10:07:09.000 Z
206,6,2006-02-15 10:07:09.000 Z
207,9,2006-02-15 10:07:09.000 Z
208,2,2006-02-15 10:07:09.000 Z
209,7,2006-02-15 10:07:09.000 Z
210,1,2006-02-15 10:07:09.000 Z
211,10,2006-02-15 10:07:09.000 Z
212,1,2006-02-15 10:07:09.000 Z
213,8,2006-02-15 10:07:09.000 Z
214,3,2006-02-15 10:07:09.000 Z
215,10,2006-02-15 10:07:09.000 Z
216,13,2006-02-15 10:07:09.000 Z
217,10,2006-02-15 10:07:09.000 Z
218,7,2006-02-15 10:07:09.000 Z
219,6,2006-02-15 10:07:09.000 Z
220,12,2006-02-15 10:07:09.000 Z
221,6,2006-02-15 10:07:09.000 Z
222,11,2006-02-15 10:07:09.000 Z
223,2,2006-02-15 10:07:09.000 Z
224,16,2006-02-15 10:07:09.000 Z
225,7,2006-02-15 10:07:09.000 Z
226,13,2006-02-15 10:07:09.000 Z
227,10,2006-02-15 10:07:09.000 Z
228,4,2006-02-15 10:07:09.000 Z
229,1,2006-02-15 10:07:09.000 Z
230,7,2006-02-15 10:07:09.000 Z
231,8,2006-02-15 10:07:09.000 Z
232,10,2006-02-15 10:07:09.000 Z
233,16,2006-02-15 10:07:09.000 Z
234,14,2006-02-15 10:07:09.000 Z
235,14,2006-02-15 10:07:09.000 Z
236,10,2006-02-15 10:07:09.000 Z
237,15,2006-02-15 10:07:09.000 Z
238,3,2006-02-15 10:07:09.000 Z
239,2,2006-02-15 10:07:09.000 Z
240,14,2006-02-15 10:07:09.000 Z
241,2,2006-02-15 10:07:09.000 Z
242,5,2006-02-15 10:07:09.000 Z
243,2,2006-02-15 10:07:09.000 Z
244,12,2006-02-15 10:07:09.000 Z
245,2,2006-02-15 10:07:09.000 Z
246,9,2006-02-15 10:07:09.000 Z
247,5,2006-02-15 10:07:09.000 Z
248,6,2006-02-15 10:07:09.000 Z
249,4,2006-02-15 10:07:09.000 Z
250,1,2006-02-15 10:07:09.000 Z
251,13,2006-02-15 10:07:09.000 Z
252,1,2006-02-15 10:07:09.000 Z
253,1,2006-02-15 10:07:09.000 Z
254,15,2006-02-15 10:07:09.000 Z
255,12,2006-02-15 10:07:09.000 Z
256,15,2006-02-15 10:07:09.000 Z
257,16,2006-02-15 10:07:09.000 Z
258,11,2006-02-15 10:07:09.000 Z
259,2,2006-02-15 10:07:09.000 Z
260,15,2006-02-15 10:07:09.000 Z
261,6,2006-02-15 10:07:09.000 Z
262,8,2006-02-15 10:07:09.000 Z
263,15,2006-02-15 10:07:09.000 Z
264,10,2006-02-15 10:07:09.000 Z
265,5,2006-02-15 10:07:09.000 Z
266,4,2006-02-15 10:07:09.000 Z
267,13,2006-02-15 10:07:09.000 Z
268,2,2006-02-15 10:07:09.000 Z
269,8,2006-02-15 10:07:09.000 Z
270,13,2006-02-15 10:07:09.000 Z
271,1,2006-02-15 10:07:09.000 Z
272,7,2006-02-15 10:07:09.000 Z
273,8,2006-02-15 10:07:09.000 Z
274,6,2006-02-15 10:07:09.000 Z
275,11,2006-02-15 10:07:09.000 Z
276,5,2006-02-15 10:07:09.000 Z
277,11,2006-02-15 10:07:09.000 Z
278,12,2006-02-15 10:07:09.000 Z
279,15,2006-02-15 10:07:09.000 Z
280,3,2006-02-15 10:07:09.000 Z
281,10,2006-02-15 10:07:09.000 Z
282,7,2006-02-15 10:07:09.000 Z
283,13,2006-02-15 10:07:09.000 Z
284,12,2006-02-15 10:07:09.000 Z
285,14,2006-02-15 10:07:09.000 Z
286,16,2006-02-15 10:07:09.000 Z
287,1,2006-02-15 10:07:09.000 Z
288,16,2006-02-15 10:07:09.000 Z
289,13,2006-02-15 10:07:09.000 Z
290,9,2006-02-15 10:07:09.000 Z
291,15,2006-02-15 10:07:09.000 Z
292,1,2006-02-15 10:07:09.000 Z
293,15,2006-02-15 10:07:09.000 Z
294,16,2006-02-15 10:07:09.000 Z
295,6,2006-02-15 10:07:09.000 Z
296,14,2006-02-15 10:07:09.000 Z
297,4,2006-02-15 10:07:09.000 Z
298,14,2006-02-15 10:07:09.000 Z
299,16,2006-02-15 10:07:09.000 Z
300,2,2006-02-15 10:07:09.000 Z
301,11,2006-02-15 10:07:09.000 Z
302,10,2006-02-15 10:07:09.000 Z
303,1,2006-02-15 10:07:09.000 Z
304,3,2006-02-15 10:07:09.000 Z
305,13,2006-02-15 10:07:09.000 Z
306,10,2006-02-15 10:07:09.000 Z
307,16,2006-02-15 10:07:09.000 Z
308,5,2006-02-15 10:07:09.000 Z
309,8,2006-02-15 10:07:09.000 Z
310,10,2006-02-15 10:07:09.000 Z
311,9,2006-02-15 10:07:09.000 Z
312,14,2006-02-15 10:07:09.000 Z
313,11,2006-02-15 10:07:09.000 Z
314,2,2006-02-15 10:07:09.000 Z
315,8,2006-02-15 10:07:09.000 Z
316,10,2006-02-15 10:07:09.000 Z
317,5,2006-02-15 10:07:09.000 Z
318,1,2006-02-15 10:07:09.000 Z
319,14,2006-02-15 10:07:09.000 Z
320,13,2006-02-15 10:07:09.000 Z
321,13,2006-02-15 10:07:09.000 Z
322,15,2006-02-15 10:07:09.000 Z
323,15,2006-02-15 10:07:09.000 Z
324,5,2006-02-15 10:07:09.000 Z
325,2,2006-02-15 10:07:09.000 Z
326,2,2006-02-15 10:07:09.000 Z
327,1,2006-02-15 10:07:09.000 Z
328,3,2006-02-15 10:07:09.000 Z
329,1,2006-02-15 10:07:09.000 Z
330,2,2006-02-15 10:07:09.000 Z
331,10,2006-02-15 10:07:09.000 Z
332,5,2006-02-15 10:07:09.000 Z
333,12,2006-02-15 10:07:09.000 Z
334,11,2006-02-15 10:07:09.000 Z
335,5,2006-02-15 10:07:09.000 Z
336,6,2006-02-15 10:07:09.000 Z
337,9,2006-02-15 10:07:09.000 Z
338,14,2006-02-15 10:07:09.000 Z
339,16,2006-02-15 10:07:09.000 Z
340,13,2006-02-15 10:07:09.000 Z
341,4,2006-02-15 10:07:09.000 Z
342,16,2006-02-15 10:07:09.000 Z
343,3,2006-02-15 10:07:09.000 Z
344,3,2006-02-15 10:07:09.000 Z
345,8,2006-02-15 10:07:09.000 Z
346,4,2006-02-15 10:07:09.000 Z
347,16,2006-02-15 10:07:09.000 Z
348,8,2006-02-15 10:07:09.000 Z
349,2,2006-02-15 10:07:09.000 Z
350,14,2006-02-15 10:07:09.000 Z
351,11,2006-02-15 10:07:09.000 Z
352,10,2006-02-15 10:07:09.000 Z
353,9,2006-02-15 10:07:09.000 Z
354,3,2006-02-15 10:07:09.000 Z
355,2,2006-02-15 10:07:09.000 Z
356,3,2006-02-15 10:07:09.000 Z
357,4,2006-02-15 10:07:09.000 Z
358,4,2006-02-15 10:07:09.000 Z
359,8,2006-02-15 10:07:09.000 Z
360,1,2006-02-15 10:07:09.000 Z
361,15,2006-02-15 10:07:09.000 Z
362,10,2006-02-15 10:07:09.000 Z
363,12,2006-02-15 10:07:09.000 Z
364,13,2006-02-15 10:07:09.000 Z
365,5,2006-02-15 10:07:09.000 Z
366,7,2006-02-15 10:07:09.000 Z
367,14,2006-02-15 10:07:09.000 Z
368,7,2006-02-15 10:07:09.000 Z
369,14,2006-02-15 10:07:09.000 Z
370,3,2006-02-15 10:07:09.000 Z
371,1,2006-02-15 10:07:09.000 Z
372,15,2006-02-15 10:07:09.000 Z
373,3,2006-02-15 10:07:09.000 Z
374,14,2006-02-15 10:07:09.000 Z
375,1,2006-02-15 10:07:09.000 Z
376,9,2006-02-15 10:07:09.000 Z
377,8,2006-02-15 10:07:09.000 Z
378,12,2006-02-15 10:07:09.000 Z
379,7,2006-02-15 10:07:09.000 Z
380,9,2006-02-15 10:07:09.000 Z
381,10,2006-02-15 10:07:09.000 Z
382,10,2006-02-15 10:07:09.000 Z
383,15,2006-02-15 10:07:09.000 Z
384,12,2006-02-15 10:07:09.000 Z
385,5,2006-02-15 10:07:09.000 Z
386,16,2006-02-15 10:07:09.000 Z
387,10,2006-02-15 10:07:09.000 Z
388,5,2006-02-15 10:07:09.000 Z
389,15,2006-02-15 10:07:09.000 Z
390,14,2006-02-15 10:07:09.000 Z
391,8,2006-02-15 10:07:09.000 Z
392,3,2006-02-15 10:07:09.000 Z
393,6,2006-02-15 10:07:09.000 Z
394,14,2006-02-15 10:07:09.000 Z
395,1,2006-02-15 10:07:09.000 Z
396,7,2006-02-15 10:07:09.000 Z
397,14,2006-02-15 10:07:09.000 Z
398,12,2006-02-15 10:07:09.000 Z
399,9,2006-02-15 10:07:09.000 Z
400,6,2006-02-15 10:07:09.000 Z
401,7,2006-02-15 10:07:09.000 Z
402,2,2006-02-15 10:07:09.000 Z
403,7,2006-02-15 10:07:09.000 Z
404,5,2006-02-15 10:07:09.000 Z
405,16,2006-02-15 10:07:09.000 Z
406,10,2006-02-15 10:07:09.000 Z
407,6,2006-02-15 10:07:09.000 Z
408,10,2006-02-15 10:07:09.000 Z
409,3,2006-02-15 10:07:09.000 Z
410,5,2006-02-15 10:07:09.000 Z
411,12,2006-02-15 10:07:09.000 Z
412,6,2006-02-15 10:07:09.000 Z
413,5,2006-02-15 10:07:09.000 Z
414,9,2006-02-15 10:07:09.000 Z
415,11,2006-02-15 10:07:09.000 Z
416,9,2006-02-15 10:07:09.000 Z
417,1,2006-02-15 10:07:09.000 Z
418,7,2006-02-15 10:07:09.000 Z
419,8,2006-02-15 10:07:09.000 Z
420,15,2006-02-15 10:07:09.000 Z
421,9,2006-02-15 10:07:09.000 Z
422,14,2006-02-15 10:07:09.000 Z
423,3,2006-02-15 10:07:09.000 Z
424,3,2006-02-15 10:07:09.000 Z
425,4,2006-02-15 10:07:09.000 Z
426,12,2006-02-15 10:07:09.000 Z
427,6,2006-02-15 10:07:09.000 Z
428,8,2006-02-15 10:07:09.000 Z
429,15,2006-02-15 10:07:09.000 Z
430,2,2006-02-15 10:07:09.000 Z
431,9,2006-02-15 10:07:09.000 Z
432,4,2006-02-15 10:07:09.000 Z
433,2,2006-02-15 10:07:09.000 Z
434,16,2006-02-15 10:07:09.000 Z
435,9,2006-02-15 10:07:09.000 Z
436,13,2006-02-15 10:07:09.000 Z
437,8,2006-02-15 10:07:09.000 Z
438,10,2006-02-15 10:07:09.000 Z
439,7,2006-02-15 10:07:09.000 Z
440,9,2006-02-15 10:07:09.000 Z
441,6,2006-02-15 10:07:09.000 Z
442,8,2006-02-15 10:07:09.000 Z
443,5,2006-02-15 10:07:09.000 Z
444,5,2006-02-15 10:07:09.000 Z
445,4,2006-02-15 10:07:09.000 Z
446,15,2006-02-15 10:07:09.000 Z
447,10,2006-02-15 10:07:09.000 Z
448,13,2006-02-15 10:07:09.000 Z
449,14,2006-02-15 10:07:09.000 Z
450,3,2006-02-15 10:07:09.000 Z
451,16,2006-02-15 10:07:09.000 Z
452,9,2006-02-15 10:07:09.000 Z
453,15,2006-02-15 10:07:09.000 Z
454,12,2006-02-15 10:07:09.000 Z
455,9,2006-02-15 10:07:09.000 Z
456,2,2006-02-15 10:07:09.000 Z
457,6,2006-02-15 10:07:09.000 Z
458,8,2006-02-15 10:07:09.000 Z
459,9,2006-02-15 10:07:09.000 Z
460,9,2006-02-15 10:07:09.000 Z
461,2,2006-02-15 10:07:09.000 Z
462,12,2006-02-15 10:07:09.000 Z
463,15,2006-02-15 10:07:09.000 Z
464,2,2006-02-15 10:07:09.000 Z
465,13,2006-02-15 10:07:09.000 Z
466,6,2006-02-15 10:07:09.000 Z
467,9,2006-02-15 10:07:09.000 Z
468,3,2006-02-15 10:07:09.000 Z
469,4,2006-02-15 10:07:09.000 Z
470,2,2006-02-15 10:07:09.000 Z
471,4,2006-02-15 10:07:09.000 Z
472,16,2006-02-15 10:07:09.000 Z
473,7,2006-02-15 10:07:09.000 Z
474,15,2006-02-15 10:07:09.000 Z
475,11,2006-02-15 10:07:09.000 Z
476,8,2006-02-15 10:07:09.000 Z
477,12,2006-02-15 10:07:09.000 Z
478,5,2006-02-15 10:07:09.000 Z
479,8,2006-02-15 10:07:09.000 Z
480,4,2006-02-15 10:07:09.000 Z
481,13,2006-02-15 10:07:09.000 Z
482,4,2006-02-15 10:07:09.000 Z
483,10,2006-02-15 10:07:09.000 Z
484,4,2006-02-15 10:07:09.000 Z
485,3,2006-02-15 10:07:09.000 Z
486,9,2006-02-15 10:07:09.000 Z
487,4,2006-02-15 10:07:09.000 Z
488,15,2006-02-15 10:07:09.000 Z
489,2,2006-02-15 10:07:09.000 Z
490,13,2006-02-15 10:07:09.000 Z
491,3,2006-02-15 10:07:09.000 Z
492,13,2006-02-15 10:07:09.000 Z
493,9,2006-02-15 10:07:09.000 Z
494,11,2006-02-15 10:07:09.000 Z
495,11,2006-02-15 10:07:09.000 Z
496,16,2006-02-15 10:07:09.000 Z
497,6,2006-02-15 10:07:09.000 Z
498,8,2006-02-15 10:07:09.000 Z
499,8,2006-02-15 10:07:09.000 Z
500,9,2006-02-15 10:07:09.000 Z
501,1,2006-02-15 10:07:09.000 Z
502,5,2006-02-15 10:07:09.000 Z
503,15,2006-02-15 10:07:09.000 Z
504,7,2006-02-15 10:07:09.000 Z
505,3,2006-02-15 10:07:09.000 Z
506,11,2006-02-15 10:07:09.000 Z
507,10,2006-02-15 10:07:09.000 Z
508,10,2006-02-15 10:07:09.000 Z
509,3,2006-02-15 10:07:09.000 Z
510,2,2006-02-15 10:07:09.000 Z
511,1,2006-02-15 10:07:09.000 Z
512,4,2006-02-15 10:07:09.000 Z
513,16,2006-02-15 10:07:09.000 Z
514,7,2006-02-15 10:07:09.000 Z
515,3,2006-02-15 10:07:09.000 Z
516,12,2006-02-15 10:07:09.000 Z
517,15,2006-02-15 10:07:09.000 Z
518,16,2006-02-15 10:07:09.000 Z
519,15,2006-02-15 10:07:09.000 Z
520,14,2006-02-15 10:07:09.000 Z
521,7,2006-02-15 10:07:09.000 Z
522,5,2006-02-15 10:07:09.000 Z
523,4,2006-02-15 10:07:09.000 Z
524,5,2006-02-15 10:07:09.000 Z
525,4,2006-02-15 10:07:09.000 Z
526,16,2006-02-15 10:07:09.000 Z
527,11,2006-02-15 10:07:09.000 Z
528,8,2006-02-15 10:07:09.000 Z
529,5,2006-02-15 10:07:09.000 Z
530,1,2006-02-15 10:07:09.000 Z
531,9,2006-02-15 10:07:09.000 Z
532,15,2006-02-15 10:07:09.000 Z
533,9,2006-02-15 10:07:09.000 Z
534,8,2006-02-15 10:07:09.000 Z
535,11,2006-02-15 10:07:09.000 Z
536,4,2006-02-15 10:07:09.000 Z
537,4,2006-02-15 10:07:09.000 Z
538,13,2006-02-15 10:07:09.000 Z
539,7,2006-02-15 10:07:09.000 Z
540,12,2006-02-15 10:07:09.000 Z
541,2,2006-02-15 10:07:09.000 Z
542,1,2006-02-15 10:07:09.000 Z
543,16,2006-02-15 10:07:09.000 Z
544,6,2006-02-15 10:07:09.000 Z
545,9,2006-02-15 10:07:09.000 Z
546,10,2006-02-15 10:07:09.000 Z
547,3,2006-02-15 10:07:09.000 Z
548,4,2006-02-15 10:07:09.000 Z
549,1,2006-02-15 10:07:09.000 Z
550,8,2006-02-15 10:07:09.000 Z
551,13,2006-02-15 10:07:09.000 Z
552,6,2006-02-15 10:07:09.000 Z
553,3,2006-02-15 10:07:09.000 Z
554,4,2006-02-15 10:07:09.000 Z
555,5,2006-02-15 10:07:09.000 Z
556,10,2006-02-15 10:07:09.000 Z
557,8,2006-02-15 10:07:09.000 Z
558,13,2006-02-15 10:07:09.000 Z
559,14,2006-02-15 10:07:09.000 Z
560,10,2006-02-15 10:07:09.000 Z
561,13,2006-02-15 10:07:09.000 Z
562,12,2006-02-15 10:07:09.000 Z
563,10,2006-02-15 10:07:09.000 Z
564,2,2006-02-15 10:07:09.000 Z
565,9,2006-02-15 10:07:09.000 Z
566,9,2006-02-15 10:07:09.000 Z
567,9,2006-02-15 10:07:09.000 Z
568,5,2006-02-15 10:07:09.000 Z
569,2,2006-02-15 10:07:09.000 Z
570,15,2006-02-15 10:07:09.000 Z
571,6,2006-02-15 10:07:09.000 Z
572,14,2006-02-15 10:07:09.000 Z
573,3,2006-02-15 10:07:09.000 Z
574,1,2006-02-15 10:07:09.000 Z
575,6,2006-02-15 10:07:09.000 Z
576,6,2006-02-15 10:07:09.000 Z
577,15,2006-02-15 10:07:09.000 Z
578,4,2006-02-15 10:07:09.000 Z
579,1,2006-02-15 10:07:09.000 Z
580,13,2006-02-15 10:07:09.000 Z
581,12,2006-02-15 10:07:09.000 Z
582,2,2006-02-15 10:07:09.000 Z
583,2,2006-02-15 10:07:09.000 Z
584,9,2006-02-15 10:07:09.000 Z
585,7,2006-02-15 10:07:09.000 Z
586,1,2006-02-15 10:07:09.000 Z
587,6,2006-02-15 10:07:09.000 Z
588,3,2006-02-15 10:07:09.000 Z
589,6,2006-02-15 10:07:09.000 Z
590,13,2006-02-15 10:07:09.000 Z
591,10,2006-02-15 10:07:09.000 Z
592,12,2006-02-15 10:07:09.000 Z
593,11,2006-02-15 10:07:09.000 Z
594,1,2006-02-15 10:07:09.000 Z
595,9,2006-02-15 10:07:09.000 Z
596,10,2006-02-15 10:07:09.000 Z
597,10,2006-02-15 10:07:09.000 Z
598,15,2006-02-15 10:07:09.000 Z
599,15,2006-02-15 10:07:09.000 Z
600,11,2006-02-15 10:07:09.000 Z
601,16,2006-02-15 10:07:09.000 Z
602,14,2006-02-15 10:07:09.000 Z
603,8,2006-02-15 10:07:09.000 Z
604,5,2006-02-15 10:07:09.000 Z
605,9,2006-02-15 10:07:09.000 Z
606,15,2006-02-15 10:07:09.000 Z
607,9,2006-02-15 10:07:09.000 Z
608,3,2006-02-15 10:07:09.000 Z
609,16,2006-02-15 10:07:09.000 Z
610,8,2006-02-15 10:07:09.000 Z
611,4,2006-02-15 10:07:09.000 Z
612,15,2006-02-15 10:07:09.000 Z
613,5,2006-02-15 10:07:09.000 Z
614,10,2006-02-15 10:07:09.000 Z
615,2,2006-02-15 10:07:09.000 Z
616,6,2006-02-15 10:07:09.000 Z
617,8,2006-02-15 10:07:09.000 Z
618,7,2006-02-15 10:07:09.000 Z
619,15,2006-02-15 10:07:09.000 Z
620,14,2006-02-15 10:07:09.000 Z
621,8,2006-02-15 10:07:09.000 Z
622,6,2006-02-15 10:07:09.000 Z
623,9,2006-02-15 10:07:09.000 Z
624,10,2006-02-15 10:07:09.000 Z
625,14,2006-02-15 10:07:09.000 Z
626,3,2006-02-15 10:07:09.000 Z
627,6,2006-02-15 10:07:09.000 Z
628,15,2006-02-15 10:07:09.000 Z
629,6,2006-02-15 10:07:09.000 Z
630,7,2006-02-15 10:07:09.000 Z
631,15,2006-02-15 10:07:09.000 Z
632,13,2006-02-15 10:07:09.000 Z
633,4,2006-02-15 10:07:09.000 Z
634,8,2006-02-15 10:07:09.000 Z
635,13,2006-02-15 10:07:09.000 Z
636,12,2006-02-15 10:07:09.000 Z
637,14,2006-02-15 10:07:09.000 Z
638,5,2006-02-15 10:07:09.000 Z
639,8,2006-02-15 10:07:09.000 Z
640,9,2006-02-15 10:07:09.000 Z
641,9,2006-02-15 10:07:09.000 Z
642,16,2006-02-15 10:07:09.000 Z
643,7,2006-02-15 10:07:09.000 Z
644,2,2006-02-15 10:07:09.000 Z
645,16,2006-02-15 10:07:09.000 Z
646,10,2006-02-15 10:07:09.000 Z
647,12,2006-02-15 10:07:09.000 Z
648,16,2006-02-15 10:07:09.000 Z
649,2,2006-02-15 10:07:09.000 Z
650,6,2006-02-15 10:07:09.000 Z
651,2,2006-02-15 10:07:09.000 Z
652,4,2006-02-15 10:07:09.000 Z
653,11,2006-02-15 10:07:09.000 Z
654,10,2006-02-15 10:07:09.000 Z
655,14,2006-02-15 10:07:09.000 Z
656,16,2006-02-15 10:07:09.000 Z
657,5,2006-02-15 10:07:09.000 Z
658,11,2006-02-15 10:07:09.000 Z
659,1,2006-02-15 10:07:09.000 Z
660,5,2006-02-15 10:07:09.000 Z
661,9,2006-02-15 10:07:09.000 Z
662,7,2006-02-15 10:07:09.000 Z
663,4,2006-02-15 10:07:09.000 Z
664,1,2006-02-15 10:07:09.000 Z
665,11,2006-02-15 10:07:09.000 Z
666,7,2006-02-15 10:07:09.000 Z
667,15,2006-02-15 10:07:09.000 Z
668,15,2006-02-15 10:07:09.000 Z
669,9,2006-02-15 10:07:09.000 Z
670,6,2006-02-15 10:07:09.000 Z
671,15,2006-02-15 10:07:09.000 Z
672,5,2006-02-15 10:07:09.000 Z
673,12,2006-02-15 10:07:09.000 Z
674,9,2006-02-15 10:07:09.000 Z
675,13,2006-02-15 10:07:09.000 Z
676,15,2006-02-15 10:07:09.000 Z
677,13,2006-02-15 10:07:09.000 Z
678,15,2006-02-15 10:07:09.000 Z
679,8,2006-02-15 10:07:09.000 Z
680,5,2006-02-15 10:07:09.000 Z
681,15,2006-02-15 10:07:09.000 Z
682,8,2006-02-15 10:07:09.000 Z
683,7,2006-02-15 10:07:09.000 Z
684,10,2006-02-15 10:07:09.000 Z
685,13,2006-02-15 10:07:09.000 Z
686,13,2006-02-15 10:07:09.000 Z
687,6,2006-02-15 10:07:09.000 Z
688,3,2006-02-15 10:07:09.000 Z
689,9,2006-02-15 10:07:09.000 Z
690,2,2006-02-15 10:07:09.000 Z
691,15,2006-02-15 10:07:09.000 Z
692,2,2006-02-15 10:07:09.000 Z
693,2,2006-02-15 10:07:09.000 Z
694,4,2006-02-15 10:07:09.000 Z
695,8,2006-02-15 10:07:09.000 Z
696,2,2006-02-15 10:07:09.000 Z
697,1,2006-02-15 10:07:09.000 Z
698,6,2006-02-15 10:07:09.000 Z
699,10,2006-02-15 10:07:09.000 Z
700,8,2006-02-15 10:07:09.000 Z
701,10,2006-02-15 10:07:09.000 Z
702,11,2006-02-15 10:07:09.000 Z
703,2,2006-02-15 10:07:09.000 Z
704,5,2006-02-15 10:07:09.000 Z
705,9,2006-02-15 10:07:09.000 Z
706,7,2006-02-15 10:07:09.000 Z
707,1,2006-02-15 10:07:09.000 Z
708,6,2006-02-15 10:07:09.000 Z
709,7,2006-02-15 10:07:09.000 Z
710,8,2006-02-15 10:07:09.000 Z
711,14,2006-02-15 10:07:09.000 Z
712,6,2006-02-15 10:07:09.000 Z
713,6,2006-02-15 10:07:09.000 Z
714,14,2006-02-15 10:07:09.000 Z
715,8,2006-02-15 10:07:09.000 Z
716,11,2006-02-15 10:07:09.000 Z
717,1,2006-02-15 10:07:09.000 Z
718,12,2006-02-15 10:07:09.000 Z
719,15,2006-02-15 10:07:09.000 Z
720,13,2006-02-15 10:07:09.000 Z
721,12,2006-02-15 10:07:09.000 Z
722,11,2006-02-15 10:07:09.000 Z
723,14,2006-02-15 10:07:09.000 Z
724,8,2006-02-15 10:07:09.000 Z
725,4,2006-02-15 10:07:09.000 Z
726,9,2006-02-15 10:07:09.000 Z
727,8,2006-02-15 10:07:09.000 Z
728,7,2006-02-15 10:07:09.000 Z
729,15,2006-02-15 10:07:09.000 Z
730,13,2006-02-15 10:07:09.000 Z
731,4,2006-02-15 10:07:09.000 Z
732,1,2006-02-15 10:07:09.000 Z
733,15,2006-02-15 10:07:09.000 Z
734,6,2006-02-15 10:07:09.000 Z
735,3,2006-02-15 10:07:09.000 Z
736,8,2006-02-15 10:07:09.000 Z
737,11,2006-02-15 10:07:09.000 Z
738,9,2006-02-15 10:07:09.000 Z
739,7,2006-02-15 10:07:09.000 Z
740,11,2006-02-15 10:07:09.000 Z
741,12,2006-02-15 10:07:09.000 Z
742,10,2006-02-15 10:07:09.000 Z
743,2,2006-02-15 10:07:09.000 Z
744,4,2006-02-15 10:07:09.000 Z
745,15,2006-02-15 10:07:09.000 Z
746,10,2006-02-15 10:07:09.000 Z
747,10,2006-02-15 10:07:09.000 Z
748,1,2006-02-15 10:07:09.000 Z
749,11,2006-02-15 10:07:09.000 Z
750,13,2006-02-15 10:07:09.000 Z
751,13,2006-02-15 10:07:09.000 Z
752,12,2006-02-15 10:07:09.000 Z
753,8,2006-02-15 10:07:09.000 Z
754,5,2006-02-15 10:07:09.000 Z
755,3,2006-02-15 10:07:09.000 Z
756,5,2006-02-15 10:07:09.000 Z
757,6,2006-02-15 10:07:09.000 Z
758,7,2006-02-15 10:07:09.000 Z
759,13,2006-02-15 10:07:09.000 Z
760,13,2006-02-15 10:07:09.000 Z
761,3,2006-02-15 10:07:09.000 Z
762,10,2006-02-15 10:07:09.000 Z
763,15,2006-02-15 10:07:09.000 Z
764,15,2006-02-15 10:07:09.000 Z
765,5,2006-02-15 10:07:09.000 Z
766,7,2006-02-15 10:07:09.000 Z
767,12,2006-02-15 10:07:09.000 Z
768,3,2006-02-15 10:07:09.000 Z
769,9,2006-02-15 10:07:09.000 Z
770,9,2006-02-15 10:07:09.000 Z
771,7,2006-02-15 10:07:09.000 Z
772,7,2006-02-15 10:07:09.000 Z
773,15,2006-02-15 10:07:09.000 Z
774,5,2006-02-15 10:07:09.000 Z
775,7,2006-02-15 10:07:09.000 Z
776,6,2006-02-15 10:07:09.000 Z
777,15,2006-02-15 10:07:09.000 Z
778,8,2006-02-15 10:07:09.000 Z
779,15,2006-02-15 10:07:09.000 Z
780,8,2006-02-15 10:07:09.000 Z
781,10,2006-02-15 10:07:09.000 Z
782,15,2006-02-15 10:07:09.000 Z
783,16,2006-02-15 10:07:09.000 Z
784,16,2006-02-15 10:07:09.000 Z
785,16,2006-02-15 10:07:09.000 Z
786,3,2006-02-15 10:07:09.000 Z
787,16,2006-02-15 10:07:09.000 Z
788,6,2006-02-15 10:07:09.000 Z
789,9,2006-02-15 10:07:09.000 Z
790,7,2006-02-15 10:07:09.000 Z
791,6,2006-02-15 10:07:09.000 Z
792,9,2006-02-15 10:07:09.000 Z
793,1,2006-02-15 10:07:09.000 Z
794,1,2006-02-15 10:07:09.000 Z
795,8,2006-02-15 10:07:09.000 Z
796,15,2006-02-15 10:07:09.000 Z
797,12,2006-02-15 10:07:09.000 Z
798,14,2006-02-15 10:07:09.000 Z
799,11,2006-02-15 10:07:09.000 Z
800,11,2006-02-15 10:07:09.000 Z
801,3,2006-02-15 10:07:09.000 Z
802,1,2006-02-15 10:07:09.000 Z
803,7,2006-02-15 10:07:09.000 Z
804,11,2006-02-15 10:07:09.000 Z
805,2,2006-02-15 10:07:09.000 Z
806,13,2006-02-15 10:07:09.000 Z
807,10,2006-02-15 10:07:09.000 Z
808,4,2006-02-15 10:07:09.000 Z
809,15,2006-02-15 10:07:09.000 Z
810,8,2006-02-15 10:07:09.000 Z
811,16,2006-02-15 10:07:09.000 Z
812,6,2006-02-15 10:07:09.000 Z
813,15,2006-02-15 10:07:09.000 Z
814,5,2006-02-15 10:07:09.000 Z
815,4,2006-02-15 10:07:09.000 Z
816,2,2006-02-15 10:07:09.000 Z
817,14,2006-02-15 10:07:09.000 Z
818,7,2006-02-15 10:07:09.000 Z
819,12,2006-02-15 10:07:09.000 Z
820,2,2006-02-15 10:07:09.000 Z
821,9,2006-02-15 10:07:09.000 Z
822,8,2006-02-15 10:07:09.000 Z
823,1,2006-02-15 10:07:09.000 Z
824,8,2006-02-15 10:07:09.000 Z
825,1,2006-02-15 10:07:09.000 Z
826,16,2006-02-15 10:07:09.000 Z
827,7,2006-02-15 10:07:09.000 Z
828,4,2006-02-15 10:07:09.000 Z
829,8,2006-02-15 10:07:09.000 Z
830,11,2006-02-15 10:07:09.000 Z
831,14,2006-02-15 10:07:09.000 Z
832,8,2006-02-15 10:07:09.000 Z
833,3,2006-02-15 10:07:09.000 Z
834,6,2006-02-15 10:07:09.000 Z
835,10,2006-02-15 10:07:09.000 Z
836,15,2006-02-15 10:07:09.000 Z
837,5,2006-02-15 10:07:09.000 Z
838,1,2006-02-15 10:07:09.000 Z
839,14,2006-02-15 10:07:09.000 Z
840,10,2006-02-15 10:07:09.000 Z
841,15,2006-02-15 10:07:09.000 Z
842,10,2006-02-15 10:07:09.000 Z
843,4,2006-02-15 10:07:09.000 Z
844,15,2006-02-15 10:07:09.000 Z
845,9,2006-02-15 10:07:09.000 Z
846,13,2006-02-15 10:07:09.000 Z
847,13,2006-02-15 10:07:09.000 Z
848,16,2006-02-15 10:07:09.000 Z
849,2,2006-02-15 10:07:09.000 Z
850,1,2006-02-15 10:07:09.000 Z
851,15,2006-02-15 10:07:09.000 Z
852,3,2006-02-15 10:07:09.000 Z
853,3,2006-02-15 10:07:09.000 Z
854,11,2006-02-15 10:07:09.000 Z
855,6,2006-02-15 10:07:09.000 Z
856,11,2006-02-15 10:07:09.000 Z
857,5,2006-02-15 10:07:09.000 Z
858,5,2006-02-15 10:07:09.000 Z
859,2,2006-02-15 10:07:09.000 Z
860,14,2006-02-15 10:07:09.000 Z
861,10,2006-02-15 10:07:09.000 Z
862,4,2006-02-15 10:07:09.000 Z
863,14,2006-02-15 10:07:09.000 Z
864,3,2006-02-15 10:07:09.000 Z
865,2,2006-02-15 10:07:09.000 Z
866,8,2006-02-15 10:07:09.000 Z
867,8,2006-02-15 10:07:09.000 Z
868,16,2006-02-15 10:07:09.000 Z
869,1,2006-02-15 10:07:09.000 Z
870,11,2006-02-15 10:07:09.000 Z
871,5,2006-02-15 10:07:09.000 Z
872,16,2006-02-15 10:07:09.000 Z
873,3,2006-02-15 10:07:09.000 Z
874,4,2006-02-15 10:07:09.000 Z
875,15,2006-02-15 10:07:09.000 Z
876,11,2006-02-15 10:07:09.000 Z
877,12,2006-02-15 10:07:09.000 Z
878,16,2006-02-15 10:07:09.000 Z
879,12,2006-02-15 10:07:09.000 Z
880,2,2006-02-15 10:07:09.000 Z
881,11,2006-02-15 10:07:09.000 Z
882,7,2006-02-15 10:07:09.000 Z
883,3,2006-02-15 10:07:09.000 Z
884,12,2006-02-15 10:07:09.000 Z
885,11,2006-02-15 10:07:09.000 Z
886,2,2006-02-15 10:07:09.000 Z
887,2,2006-02-15 10:07:09.000 Z
888,6,2006-02-15 10:07:09.000 Z
889,3,2006-02-15 10:07:09.000 Z
890,15,2006-02-15 10:07:09.000 Z
891,4,2006-02-15 10:07:09.000 Z
892,2,2006-02-15 10:07:09.000 Z
893,14,2006-02-15 10:07:09.000 Z
894,16,2006-02-15 10:07:09.000 Z
895,4,2006-02-15 10:07:09.000 Z
896,3,2006-02-15 10:07:09.000 Z
897,7,2006-02-15 10:07:09.000 Z
898,15,2006-02-15 10:07:09.000 Z
899,4,2006-02-15 10:07:09.000 Z
900,9,2006-02-15 10:07:09.000 Z
901,2,2006-02-15 10:07:09.000 Z
902,15,2006-02-15 10:07:09.000 Z
903,16,2006-02-15 10:07:09.000 Z
904,11,2006-02-15 10:07:09.000 Z
905,5,2006-02-15 10:07:09.000 Z
906,5,2006-02-15 10:07:09.000 Z
907,7,2006-02-15 10:07:09.000 Z
908,9,2006-02-15 10:07:09.000 Z
909,11,2006-02-15 10:07:09.000 Z
910,7,2006-02-15 10:07:09.000 Z
911,1,2006-02-15 10:07:09.000 Z
912,14,2006-02-15 10:07:09.000 Z
913,13,2006-02-15 10:07:09.000 Z
914,16,2006-02-15 10:07:09.000 Z
915,1,2006-02-15 10:07:09.000 Z
916,2,2006-02-15 10:07:09.000 Z
917,15,2006-02-15 10:07:09.000 Z
918,3,2006-02-15 10:07:09.000 Z
919,10,2006-02-15 10:07:09.000 Z
920,13,2006-02-15 10:07:09.000 Z
921,12,2006-02-15 10:07:09.000 Z
922,11,2006-02-15 10:07:09.000 Z
923,7,2006-02-15 10:07:09.000 Z
924,14,2006-02-15 10:07:09.000 Z
925,6,2006-02-15 10:07:09.000 Z
926,6,2006-02-15 10:07:09.000 Z
927,1,2006-02-15 10:07:09.000 Z
928,3,2006-02-15 10:07:09.000 Z
929,9,2006-02-15 10:07:09.000 Z
930,14,2006-02-15 10:07:09.000 Z
931,16,2006-02-15 10:07:09.000 Z
932,5,2006-02-15 10:07:09.000 Z
933,13,2006-02-15 10:07:09.000 Z
934,10,2006-02-15 10:07:09.000 Z
935,13,2006-02-15 10:07:09.000 Z
936,12,2006-02-15 10:07:09.000 Z
937,13,2006-02-15 10:07:09.000 Z
938,5,2006-02-15 10:07:09.000 Z
939,5,2006-02-15 10:07:09.000 Z
940,15,2006-02-15 10:07:09.000 Z
941,10,2006-02-15 10:07:09.000 Z
942,7,2006-02-15 10:07:09.000 Z
943,6,2006-02-15 10:07:09.000 Z
944,7,2006-02-15 10:07:09.000 Z
945,6,2006-02-15 10:07:09.000 Z
946,8,2006-02-15 10:07:09.000 Z
947,9,2006-02-15 10:07:09.000 Z
948,13,2006-02-15 10:07:09.000 Z
949,10,2006-02-15 10:07:09.000 Z
950,4,2006-02-15 10:07:09.000 Z
951,4,2006-02-15 10:07:09.000 Z
952,6,2006-02-15 10:07:09.000 Z
953,2,2006-02-15 10:07:09.000 Z
954,13,2006-02-15 10:07:09.000 Z
955,3,2006-02-15 10:07:09.000 Z
956,10,2006-02-15 10:07:09.000 Z
957,9,2006-02-15 10:07:09.000 Z
958,7,2006-02-15 10:07:09.000 Z
959,3,2006-02-15 10:07:09.000 Z
960,6,2006-02-15 10:07:09.000 Z
961,9,2006-02-15 10:07:09.000 Z
962,4,2006-02-15 10:07:09.000 Z
963,2,2006-02-15 10:07:09.000 Z
964,1,2006-02-15 10:07:09.000 Z
965,11,2006-02-15 10:07:09.000 Z
966,6,2006-02-15 10:07:09.000 Z
967,14,2006-02-15 10:07:09.000 Z
968,1,2006-02-15 10:07:09.000 Z
969,7,2006-02-15 10:07:09.000 Z
970,4,2006-02-15 10:07:09.000 Z
971,9,2006-02-15 10:07:09.000 Z
972,14,2006-02-15 10:07:09.000 Z
973,6,2006-02-15 10:07:09.000 Z
974,13,2006-02-15 10:07:09.000 Z
975,8,2006-02-15 10:07:09.000 Z
976,10,2006-02-15 10:07:09.000 Z
977,16,2006-02-15 10:07:09.000 Z
978,5,2006-02-15 10:07:09.000 Z
979,7,2006-02-15 10:07:09.000 Z
980,12,2006-02-15 10:07:09.000 Z
981,16,2006-02-15 10:07:09.000 Z
982,1,2006-02-15 10:07:09.000 Z
983,12,2006-02-15 10:07:09.000 Z
984,9,2006-02-15 10:07:09.000 Z
985,14,2006-02-15 10:07:09.000 Z
986,2,2006-02-15 10:07:09.000 Z
987,12,2006-02-15 10:07:09.000 Z
988,16,2006-02-15 10:07:09.000 Z
989,16,2006-02-15 10:07:09.000 Z
990,11,2006-02-15 10:07:09.000 Z
991,1,2006-02-15 10:07:09.000 Z
992,6,2006-02-15 10:07:09.000 Z
993,3,2006-02-15 10:07:09.000 Z
994,13,2006-02-15 10:07:09.000 Z
995,11,2006-02-15 10:07:09.000 Z
996,6,2006-02-15 10:07:09.000 Z
997,12,2006-02-15 10:07:09.000 Z
998,11,2006-02-15 10:07:09.000 Z
999,3,2006-02-15 10:07:09.000 Z
1000,5,2006-02-15 10:07:09.000 Z
